Date,Impressions,Likes,Engagements,Bookmarks,Shares,New follows,Unfollows,Replies,Reposts,Profile visits,Create Post,Video views,Media views
"Thu, Sep 11, 2025",6878,84,286,6,0,3,3,12,16,27,3,0,0
"Wed, Sep 10, 2025",9422,120,474,2,2,11,0,15,20,47,4,0,0
"Tue, Sep 9, 2025",6077,113,392,1,0,6,3,15,50,26,1,0,0
"Mon, Sep 8, 2025",5844,120,284,1,3,5,2,14,13,26,4,0,0
"Sun, Sep 7, 2025",3947,6,63,0,0,5,2,0,1,7,0,0,0
"Sat, Sep 6, 2025",6014,32,115,1,0,6,2,3,4,18,0,0,0
"Fri, Sep 5, 2025",5285,74,233,0,1,3,1,10,26,19,2,0,0
"Thu, Sep 4, 2025",19109,141,602,2,1,8,2,13,30,65,2,0,0
"Wed, Sep 3, 2025",19160,187,722,3,1,10,0,31,29,65,4,0,0
"Tue, Sep 2, 2025",8746,52,186,1,0,6,2,13,2,18,1,0,0
"Mon, Sep 1, 2025",14708,121,763,2,1,17,7,22,42,68,2,0,0
"Sun, Aug 31, 2025",6832,10,71,2,0,6,4,2,1,10,0,0,0
"Sat, Aug 30, 2025",2730,55,141,2,0,4,2,9,6,11,1,0,0
"Fri, Aug 29, 2025",2310,5,22,0,0,2,0,0,0,6,0,0,0
"Thu, Aug 28, 2025",13078,52,258,2,0,14,4,10,10,32,0,0,0
"Wed, Aug 27, 2025",2817,62,141,1,0,1,2,12,6,12,1,0,0
"Tue, Aug 26, 2025",1023,14,37,0,0,9,5,2,1,3,0,0,0
"Mon, Aug 25, 2025",3507,56,168,0,0,8,1,10,4,10,1,0,0
"Sun, Aug 24, 2025",3386,42,94,0,0,3,0,7,2,3,1,0,0
"Sat, Aug 23, 2025",2131,42,197,0,0,4,2,10,8,19,0,0,0
"Fri, Aug 22, 2025",450,0,22,0,0,13,1,1,0,2,0,0,0
"Thu, Aug 21, 2025",711,1,16,0,0,10,0,0,0,1,0,0,0
"Wed, Aug 20, 2025",2181,15,50,0,3,8,3,1,1,3,0,0,0
"Tue, Aug 19, 2025",9124,36,157,1,0,6,4,7,5,25,1,0,0
"Mon, Aug 18, 2025",10273,42,202,1,1,9,2,7,8,14,1,0,0
"Sun, Aug 17, 2025",442,6,32,0,0,3,0,0,0,2,0,0,0
"Sat, Aug 16, 2025",344,0,10,1,0,4,2,0,0,0,0,0,0
"Fri, Aug 15, 2025",407,2,11,0,0,3,2,0,0,2,0,0,0
"Thu, Aug 14, 2025",602,1,22,1,0,5,2,0,0,2,0,0,0
"Wed, Aug 13, 2025",489,7,36,0,0,14,1,0,1,3,0,0,0
"Tue, Aug 12, 2025",1382,11,119,5,0,9,0,0,4,23,0,0,0
"Mon, Aug 11, 2025",2240,75,256,6,0,7,1,12,15,46,1,0,0
"Sun, Aug 10, 2025",341,2,10,0,0,2,1,0,0,0,0,0,0
"Sat, Aug 9, 2025",388,0,19,0,0,5,2,0,0,2,0,0,0
"Fri, Aug 8, 2025",854,17,48,0,0,2,0,1,2,4,0,0,0
"Thu, Aug 7, 2025",2113,49,138,2,0,6,1,12,10,14,1,0,0
"Wed, Aug 6, 2025",4656,101,259,2,0,11,4,21,10,35,1,0,0
"Tue, Aug 5, 2025",3689,84,311,0,0,8,3,30,13,29,2,0,0
"Mon, Aug 4, 2025",1435,34,86,0,0,3,2,2,3,8,1,0,0
"Sun, Aug 3, 2025",605,2,15,0,0,4,2,0,0,4,0,0,0
"Sat, Aug 2, 2025",704,1,20,0,1,5,0,1,0,5,0,0,0
"Fri, Aug 1, 2025",930,2,18,1,0,1,0,2,1,4,0,0,0
"Thu, Jul 31, 2025",2582,7,28,0,1,3,1,3,0,7,0,0,0
"Wed, Jul 30, 2025",10696,29,225,1,1,16,1,3,7,71,0,0,0
"Tue, Jul 29, 2025",18771,110,311,2,2,16,2,20,18,100,1,0,0
"Mon, Jul 28, 2025",5953,27,81,2,0,3,2,12,3,11,1,0,0
"Sun, Jul 27, 2025",3076,1,9,0,0,3,1,0,0,3,0,0,0
"Sat, Jul 26, 2025",6774,12,54,2,4,8,7,5,1,16,0,0,0
"Fri, Jul 25, 2025",2126,39,97,0,0,4,0,9,3,33,1,0,0
"Thu, Jul 24, 2025",1586,12,48,1,0,0,2,3,3,12,0,0,0
"Wed, Jul 23, 2025",1568,39,91,1,0,5,1,8,6,6,1,0,0
"Tue, Jul 22, 2025",354,2,9,0,1,1,1,0,1,0,0,0,0
"Mon, Jul 21, 2025",532,16,35,0,2,3,4,1,4,5,0,0,0
"Sun, Jul 20, 2025",728,1,6,0,0,1,1,0,0,2,0,0,0
"Sat, Jul 19, 2025",1423,14,28,0,0,3,1,2,2,2,0,0,0
"Fri, Jul 18, 2025",3772,128,263,5,1,7,3,27,14,19,3,0,0
"Thu, Jul 17, 2025",3311,84,178,1,1,6,0,15,6,36,0,0,0
"Wed, Jul 16, 2025",4441,92,338,2,0,12,4,17,16,45,2,0,0
"Tue, Jul 15, 2025",5154,66,172,2,1,9,4,21,11,29,1,0,0
"Mon, Jul 14, 2025",5732,14,78,1,0,7,1,4,2,13,0,0,0
"Sun, Jul 13, 2025",1787,3,27,1,0,2,4,1,0,5,0,0,0
"Sat, Jul 12, 2025",2476,11,38,0,0,4,3,5,1,5,0,0,0
"Fri, Jul 11, 2025",3096,44,176,2,3,5,1,17,8,16,1,0,0
"Thu, Jul 10, 2025",1247,17,59,0,0,6,2,5,2,4,0,0,0
"Wed, Jul 9, 2025",3170,84,248,4,0,3,3,27,6,17,2,0,0
"Tue, Jul 8, 2025",420,1,18,0,0,4,5,0,0,2,0,0,0
"Mon, Jul 7, 2025",276,0,14,1,0,1,4,0,0,5,0,0,0
"Sun, Jul 6, 2025",400,9,24,1,1,3,3,1,6,3,0,0,0
"Sat, Jul 5, 2025",1172,2,16,1,0,2,1,0,1,3,0,0,0
"Fri, Jul 4, 2025",2218,8,35,1,0,3,4,5,0,4,0,0,0
"Thu, Jul 3, 2025",2009,48,136,0,0,6,4,15,3,11,1,0,0
"Wed, Jul 2, 2025",508,6,24,1,0,4,4,1,1,1,0,0,0
"Tue, Jul 1, 2025",1824,12,59,1,0,5,0,2,2,9,0,0,0
"Mon, Jun 30, 2025",2510,63,245,2,1,7,1,18,12,21,1,0,0
"Sun, Jun 29, 2025",334,1,11,0,0,2,3,1,1,2,0,0,0
"Sat, Jun 28, 2025",424,1,19,0,0,7,0,0,0,2,0,0,0
"Fri, Jun 27, 2025",545,2,6,0,0,2,2,0,1,1,0,0,0
"Thu, Jun 26, 2025",3082,18,51,1,0,6,2,2,1,7,0,0,0
"Wed, Jun 25, 2025",4887,96,225,3,0,8,3,20,14,22,1,0,0
"Tue, Jun 24, 2025",1182,19,83,1,0,5,3,4,1,3,0,0,0
"Mon, Jun 23, 2025",2598,57,186,5,0,7,5,6,10,14,1,0,0
"Sun, Jun 22, 2025",169,4,18,0,0,7,3,0,0,4,0,0,0
"Sat, Jun 21, 2025",181,2,7,0,0,3,2,0,0,2,0,0,0
"Fri, Jun 20, 2025",233,1,20,0,0,4,5,0,0,3,0,0,0
"Thu, Jun 19, 2025",316,2,8,0,0,5,1,0,0,1,0,0,0
"Wed, Jun 18, 2025",597,11,23,0,0,2,3,0,1,2,0,0,0
"Tue, Jun 17, 2025",1662,42,110,3,0,1,3,6,3,5,1,0,0
"Mon, Jun 16, 2025",2373,66,247,1,0,6,2,8,7,18,2,0,0
"Sun, Jun 15, 2025",163,2,6,0,0,3,3,0,0,1,0,0,0
"Sat, Jun 14, 2025",281,3,16,0,0,5,2,0,0,1,0,0,0
"Fri, Jun 13, 2025",348,2,10,0,0,3,2,0,0,0,0,0,0
"Thu, Jun 12, 2025",1593,35,89,1,0,6,3,6,1,10,0,0,0
"Wed, Jun 11, 2025",4035,87,232,3,0,18,2,5,11,26,4,0,0
"Tue, Jun 10, 2025",1871,35,72,1,0,7,3,4,1,10,1,0,0
"Mon, Jun 9, 2025",2153,34,108,1,0,7,1,8,0,4,1,0,0
"Sun, Jun 8, 2025",173,6,14,0,0,4,2,0,0,0,0,0,0
"Sat, Jun 7, 2025",176,4,9,0,0,1,4,0,0,2,0,0,0
"Fri, Jun 6, 2025",352,10,21,1,0,3,1,0,0,2,0,0,0
"Thu, Jun 5, 2025",507,12,31,0,0,3,1,0,1,2,0,0,0
"Wed, Jun 4, 2025",1808,38,110,1,0,3,0,5,6,17,1,0,0
"Tue, Jun 3, 2025",973,27,59,3,0,5,1,4,3,8,0,0,0
"Mon, Jun 2, 2025",2904,58,165,4,0,6,3,11,10,13,2,0,0
"Sun, Jun 1, 2025",463,18,28,0,0,0,1,1,1,2,0,0,0
"Sat, May 31, 2025",1504,29,65,0,0,4,0,6,3,8,0,0,0
"Fri, May 30, 2025",3993,119,269,10,0,7,1,31,7,15,3,0,0
"Thu, May 29, 2025",1920,53,116,1,2,2,0,10,9,9,0,0,0
"Wed, May 28, 2025",892,26,63,0,0,9,1,5,2,3,0,0,0
"Tue, May 27, 2025",2171,58,125,2,1,9,3,8,6,11,1,0,0
"Mon, May 26, 2025",3247,107,294,6,0,8,3,10,16,28,3,0,0
"Sun, May 25, 2025",356,3,17,0,1,4,1,1,0,2,0,0,0
"Sat, May 24, 2025",548,11,32,0,0,2,2,2,5,3,0,0,0
"Fri, May 23, 2025",1443,19,53,4,0,2,2,1,7,3,1,0,0
"Thu, May 22, 2025",4716,14,55,2,0,0,2,5,2,6,0,0,0
"Wed, May 21, 2025",1361,22,67,1,0,5,2,4,4,9,0,0,0
"Tue, May 20, 2025",3095,74,210,2,0,9,0,14,12,17,5,0,0
"Mon, May 19, 2025",2228,54,151,3,3,3,1,4,9,15,3,0,0
"Sun, May 18, 2025",327,4,13,0,0,1,1,0,2,2,0,0,0
"Sat, May 17, 2025",408,8,38,1,0,7,2,1,1,4,0,0,0
"Fri, May 16, 2025",972,25,103,3,0,4,2,3,7,7,1,0,0
"Thu, May 15, 2025",728,10,33,0,1,2,3,1,1,2,0,0,0
"Wed, May 14, 2025",2191,33,145,6,0,14,0,7,13,14,0,0,0
"Tue, May 13, 2025",1863,36,144,2,1,8,2,3,7,4,1,0,0
"Mon, May 12, 2025",2467,14,71,2,1,1,2,3,4,4,0,0,0
"Sun, May 11, 2025",2442,20,94,0,0,3,0,3,4,4,0,0,0
"Sat, May 10, 2025",3598,51,260,1,1,16,2,12,17,34,0,0,0
"Fri, May 9, 2025",1476,34,142,4,0,9,0,8,29,5,1,0,0
"Thu, May 8, 2025",983,22,51,0,0,2,1,4,7,5,0,0,0
"Wed, May 7, 2025",781,29,86,1,0,8,1,1,17,5,0,0,0
"Tue, May 6, 2025",206,2,24,0,0,7,3,0,7,0,0,0,0
"Mon, May 5, 2025",99,2,14,0,0,3,2,1,6,0,0,0,0
"Sun, May 4, 2025",75,3,16,0,0,7,1,1,2,1,0,0,0
"Sat, May 3, 2025",125,2,13,0,1,6,2,0,0,2,0,0,0
"Fri, May 2, 2025",91,0,15,0,0,6,4,0,6,0,0,0,0
"Thu, May 1, 2025",149,2,16,1,0,8,1,1,3,0,0,0,0
"Wed, Apr 30, 2025",205,5,32,0,0,5,1,0,13,1,0,0,0
"Tue, Apr 29, 2025",189,3,22,1,0,7,3,0,5,1,0,0,0
"Mon, Apr 28, 2025",155,1,18,0,0,12,1,0,2,0,0,0,0
"Sun, Apr 27, 2025",81,1,14,0,0,6,1,0,7,0,0,0,0
"Sat, Apr 26, 2025",144,2,18,0,0,10,3,0,2,1,0,0,0
"Fri, Apr 25, 2025",196,1,16,0,0,5,2,0,6,1,0,0,0
"Thu, Apr 24, 2025",203,3,18,0,0,7,2,0,2,1,0,0,0
"Wed, Apr 23, 2025",295,1,31,1,0,6,1,1,2,3,0,0,0
"Tue, Apr 22, 2025",269,0,29,0,0,9,2,0,1,3,0,0,0
"Mon, Apr 21, 2025",288,2,22,2,0,10,2,0,0,1,0,0,0
"Sun, Apr 20, 2025",201,1,12,0,0,4,3,0,3,1,0,0,0
"Sat, Apr 19, 2025",300,6,33,0,0,5,1,0,6,2,0,0,0
"Fri, Apr 18, 2025",486,4,42,0,0,12,1,0,4,4,0,0,0
"Thu, Apr 17, 2025",467,3,34,2,0,9,0,0,3,3,0,0,0
"Wed, Apr 16, 2025",574,1,43,0,1,4,2,1,1,5,0,0,0
"Tue, Apr 15, 2025",725,5,59,6,0,12,1,6,0,1,0,0,0
"Mon, Apr 14, 2025",1413,6,71,2,0,10,3,1,6,3,0,0,0
"Sun, Apr 13, 2025",2131,13,144,7,0,20,4,5,8,14,0,0,0
"Sat, Apr 12, 2025",4821,23,246,11,0,31,1,4,4,22,0,0,0
"Fri, Apr 11, 2025",17193,183,1292,25,0,79,4,27,90,81,1,0,0
"Thu, Apr 10, 2025",133,1,29,1,0,19,1,1,2,1,0,0,0
"Wed, Apr 9, 2025",156,2,21,0,0,14,1,0,4,0,0,0,0
"Tue, Apr 8, 2025",163,2,25,0,0,22,2,0,1,0,0,0,0
"Mon, Apr 7, 2025",184,3,12,0,0,0,1,0,3,2,0,0,0
"Sun, Apr 6, 2025",190,3,14,0,0,4,1,0,5,1,0,0,0
"Sat, Apr 5, 2025",400,6,22,0,0,5,3,2,3,0,0,0,0
"Fri, Apr 4, 2025",1432,27,95,2,0,5,3,2,11,16,0,0,0
"Thu, Apr 3, 2025",288,4,24,0,0,6,4,0,5,0,0,0,0
"Wed, Apr 2, 2025",624,7,37,0,0,8,1,0,7,0,1,0,0
"Tue, Apr 1, 2025",90,2,8,0,0,2,3,0,1,0,0,0,0
"Mon, Mar 31, 2025",90,2,6,0,0,2,3,0,0,1,0,0,0
"Sun, Mar 30, 2025",109,18,28,0,0,2,2,0,3,2,0,0,0
"Sat, Mar 29, 2025",130,1,12,0,0,3,1,0,0,0,0,0,0
"Fri, Mar 28, 2025",75,5,14,0,0,3,0,0,4,0,0,0,0
"Thu, Mar 27, 2025",107,0,10,0,0,4,2,0,1,1,0,0,0
"Wed, Mar 26, 2025",148,0,15,0,0,1,3,0,4,2,0,0,0
"Tue, Mar 25, 2025",141,3,13,0,0,6,2,0,3,0,0,0,0
"Mon, Mar 24, 2025",198,10,29,0,0,13,1,1,0,0,0,0,0
"Sun, Mar 23, 2025",128,9,14,0,0,1,0,0,2,1,0,0,0
"Sat, Mar 22, 2025",48,2,6,0,0,1,2,0,2,1,0,0,0
"Fri, Mar 21, 2025",143,1,8,0,0,3,1,0,1,1,0,0,0
"Thu, Mar 20, 2025",145,5,12,0,0,3,0,0,3,1,0,0,0
"Wed, Mar 19, 2025",338,11,35,0,0,7,2,1,7,1,0,0,0
"Tue, Mar 18, 2025",256,3,19,0,0,7,1,0,2,1,0,0,0
"Mon, Mar 17, 2025",163,2,12,0,0,6,1,0,3,0,0,0,0
"Sun, Mar 16, 2025",278,0,12,0,0,1,1,0,2,2,0,0,0
"Sat, Mar 15, 2025",786,5,22,0,0,5,0,2,0,2,0,0,0
"Fri, Mar 14, 2025",2186,46,115,0,0,4,1,7,11,15,0,0,0
"Thu, Mar 13, 2025",1216,30,88,0,0,1,3,1,3,14,1,0,0
"Wed, Mar 12, 2025",731,1,81,0,0,5,1,0,0,0,0,0,0
"Tue, Mar 11, 2025",335,1,17,0,0,6,2,0,0,1,0,0,0
"Mon, Mar 10, 2025",320,2,28,0,0,7,1,0,0,2,0,0,0
"Sun, Mar 9, 2025",405,4,30,0,0,5,3,0,1,3,0,0,0
"Sat, Mar 8, 2025",930,16,56,0,0,3,0,1,1,13,0,0,0
"Fri, Mar 7, 2025",5073,85,392,3,0,13,4,16,14,42,1,0,0
"Thu, Mar 6, 2025",340,3,22,1,0,9,0,5,0,0,0,0,0
"Wed, Mar 5, 2025",578,10,50,0,0,10,2,0,2,5,0,0,0
"Tue, Mar 4, 2025",2571,37,136,0,0,23,2,4,6,20,2,0,0
"Mon, Mar 3, 2025",2965,47,130,0,0,7,2,8,3,27,1,0,0
"Sun, Mar 2, 2025",623,0,25,0,1,8,1,0,0,1,0,0,0
"Sat, Mar 1, 2025",548,2,42,0,0,7,1,0,0,3,0,0,0
"Fri, Feb 28, 2025",953,3,40,0,0,13,0,0,0,3,0,0,0
"Thu, Feb 27, 2025",3457,19,101,0,0,7,2,1,0,9,0,0,0
"Wed, Feb 26, 2025",11167,87,310,0,0,12,2,5,12,32,2,0,0
"Tue, Feb 25, 2025",253,0,15,0,0,9,1,0,0,1,0,0,0
"Mon, Feb 24, 2025",420,0,21,0,0,9,1,0,0,5,0,0,0
"Sun, Feb 23, 2025",164,1,15,0,0,8,1,1,1,1,0,0,0
"Sat, Feb 22, 2025",359,0,19,1,0,4,2,1,0,5,0,0,0
"Fri, Feb 21, 2025",695,10,28,0,0,7,0,0,0,1,0,0,0
"Thu, Feb 20, 2025",2110,39,143,0,0,13,1,3,10,9,1,0,0
"Wed, Feb 19, 2025",1613,47,171,1,0,15,3,3,7,43,1,0,0
"Tue, Feb 18, 2025",216,0,9,0,0,5,1,0,0,0,0,0,0
"Mon, Feb 17, 2025",295,6,23,0,0,6,3,0,0,4,0,0,0
"Sun, Feb 16, 2025",202,3,26,0,0,13,1,0,0,5,0,0,0
"Sat, Feb 15, 2025",285,2,22,0,0,9,2,0,0,1,0,0,0
"Fri, Feb 14, 2025",376,9,22,0,0,8,0,0,2,3,0,0,0
"Thu, Feb 13, 2025",2793,65,125,0,0,7,3,1,7,17,0,0,0
"Wed, Feb 12, 2025",167,1,15,0,0,7,0,0,0,2,0,0,0
"Tue, Feb 11, 2025",325,0,21,0,0,6,3,0,0,4,0,0,0
"Mon, Feb 10, 2025",932,11,52,0,0,6,3,2,2,4,0,0,0
"Sun, Feb 9, 2025",3721,59,237,0,0,13,3,3,6,48,0,0,0
"Sat, Feb 8, 2025",2146,36,124,1,0,7,2,6,3,23,1,0,0
"Fri, Feb 7, 2025",103,0,6,0,0,1,0,0,0,2,0,0,0
"Thu, Feb 6, 2025",187,2,21,0,0,12,0,0,0,1,0,0,0
"Wed, Feb 5, 2025",406,13,44,0,0,18,1,0,0,4,0,0,0
"Tue, Feb 4, 2025",563,5,32,0,0,12,1,0,1,4,0,0,0
"Mon, Feb 3, 2025",414,0,32,0,0,11,0,0,4,0,0,0,0
"Sun, Feb 2, 2025",504,2,25,0,0,6,0,0,3,2,0,0,0
"Sat, Feb 1, 2025",179,2,15,0,0,4,1,0,6,0,0,0,0
"Fri, Jan 31, 2025",198,4,28,0,0,10,4,0,1,1,0,0,0
"Thu, Jan 30, 2025",105,0,17,0,0,5,1,0,0,2,0,0,0
"Wed, Jan 29, 2025",91,0,13,0,0,4,0,0,3,3,0,0,0
"Tue, Jan 28, 2025",82,0,11,0,0,9,3,0,0,0,0,0,0
"Mon, Jan 27, 2025",123,1,15,0,0,9,0,0,3,1,0,0,0
"Sun, Jan 26, 2025",214,1,26,0,0,11,1,0,1,5,0,0,0
"Sat, Jan 25, 2025",627,12,74,0,0,15,1,4,2,7,0,0,0
"Fri, Jan 24, 2025",944,35,107,1,0,14,2,2,3,7,2,0,0
"Thu, Jan 23, 2025",171,0,21,0,0,15,0,0,0,0,0,0,0
"Wed, Jan 22, 2025",331,2,19,0,0,12,0,0,0,2,0,0,0
"Tue, Jan 21, 2025",192,1,19,0,0,12,2,0,1,0,0,0,0
"Mon, Jan 20, 2025",162,2,15,0,0,5,3,2,0,2,0,0,0
"Sun, Jan 19, 2025",99,1,10,0,0,6,0,0,0,2,0,0,0
"Sat, Jan 18, 2025",104,0,10,0,0,10,0,0,0,0,0,0,0
"Fri, Jan 17, 2025",288,10,23,0,0,7,0,3,0,0,0,0,0
"Thu, Jan 16, 2025",681,24,56,0,0,5,0,3,1,13,0,0,0
"Wed, Jan 15, 2025",956,28,79,0,0,5,0,5,4,8,2,0,0
"Tue, Jan 14, 2025",120,1,7,0,0,6,0,0,0,0,0,0,0
"Mon, Jan 13, 2025",169,3,14,0,0,6,1,1,0,0,0,0,0
"Sun, Jan 12, 2025",102,0,3,0,0,2,1,0,0,0,0,0,0
"Sat, Jan 11, 2025",105,1,6,0,0,2,1,0,0,0,0,0,0
"Fri, Jan 10, 2025",164,2,9,0,0,5,4,0,0,2,0,0,0
"Thu, Jan 9, 2025",476,4,10,0,0,4,1,0,0,0,0,0,0
"Wed, Jan 8, 2025",1847,29,96,1,0,7,5,6,1,17,1,0,0
"Tue, Jan 7, 2025",986,14,60,0,0,8,1,0,3,4,0,0,0
"Mon, Jan 6, 2025",4747,68,272,4,0,14,2,8,14,22,2,0,0
"Sun, Jan 5, 2025",137,0,13,0,0,13,1,0,0,0,0,0,0
"Sat, Jan 4, 2025",174,0,93,0,0,93,0,0,0,0,0,0,0
"Fri, Jan 3, 2025",228,0,64,0,0,63,4,0,0,1,0,0,0
"Thu, Jan 2, 2025",642,3,420,0,0,417,0,0,0,0,0,0,0
"Wed, Jan 1, 2025",570,1,418,0,0,417,1,0,0,0,0,0,0
"Tue, Dec 31, 2024",499,0,486,0,0,486,0,0,0,0,0,0,0
"Mon, Dec 30, 2024",333,0,274,0,0,274,2,0,0,0,0,0,0
"Sun, Dec 29, 2024",97,0,18,1,0,15,1,0,0,0,0,0,0
"Sat, Dec 28, 2024",699,2,564,0,0,556,1,1,1,1,0,0,0
"Fri, Dec 27, 2024",392,3,78,0,0,68,4,2,0,3,0,0,0
"Thu, Dec 26, 2024",659,6,106,0,0,91,5,2,1,3,1,0,0
"Wed, Dec 25, 2024",338,2,154,0,0,151,9,0,1,0,0,0,0
"Tue, Dec 24, 2024",189,0,64,0,0,64,2,0,0,0,0,0,0
"Mon, Dec 23, 2024",54,0,3,0,0,3,0,0,0,0,0,0,0
"Sun, Dec 22, 2024",87,1,9,0,0,8,0,0,0,0,0,0,0
"Sat, Dec 21, 2024",137,0,8,0,0,7,0,0,0,0,0,0,0
"Fri, Dec 20, 2024",263,3,9,0,0,1,1,1,0,3,0,0,0
"Thu, Dec 19, 2024",1272,30,68,0,0,5,1,5,3,10,0,0,0
"Wed, Dec 18, 2024",1817,61,122,0,0,12,0,4,9,16,0,0,0
"Tue, Dec 17, 2024",160,0,6,0,0,4,2,0,0,1,0,0,0
"Mon, Dec 16, 2024",198,0,5,0,0,5,2,0,0,0,0,0,0
"Sun, Dec 15, 2024",120,0,2,0,0,2,1,0,0,0,0,0,0
"Sat, Dec 14, 2024",92,1,5,0,0,4,2,0,0,0,0,0,0
"Fri, Dec 13, 2024",77,1,4,1,0,2,0,0,0,0,0,0,0
"Thu, Dec 12, 2024",176,0,12,0,0,11,1,0,0,0,0,0,0
"Wed, Dec 11, 2024",110,0,7,0,0,4,1,0,0,0,0,0,0
"Tue, Dec 10, 2024",504,0,9,0,0,6,1,0,0,1,0,0,0
"Mon, Dec 9, 2024",187,0,6,0,0,4,1,0,0,2,0,0,0
"Sun, Dec 8, 2024",123,0,2,0,0,2,1,0,0,0,0,0,0
"Sat, Dec 7, 2024",210,1,6,0,0,3,2,0,0,2,0,0,0
"Fri, Dec 6, 2024",263,5,10,0,0,2,1,0,0,1,0,0,0
"Thu, Dec 5, 2024",332,1,18,0,0,5,2,1,1,0,0,0,0
"Wed, Dec 4, 2024",225,2,13,1,0,6,1,0,0,0,0,0,0
"Tue, Dec 3, 2024",517,3,37,0,0,23,2,0,0,5,0,0,0
"Mon, Dec 2, 2024",758,4,28,0,0,20,2,0,0,1,0,0,0
"Sun, Dec 1, 2024",541,3,18,0,0,7,1,0,0,1,0,0,0
"Sat, Nov 30, 2024",247,0,10,0,0,7,0,0,0,1,0,0,0
"Fri, Nov 29, 2024",380,6,25,0,0,12,0,0,1,1,0,0,0
"Thu, Nov 28, 2024",1055,19,53,0,0,17,1,1,5,6,0,0,0
"Wed, Nov 27, 2024",381,0,18,0,0,16,1,0,1,0,0,0,0
"Tue, Nov 26, 2024",508,0,8,0,0,4,0,0,0,0,0,0,0
"Mon, Nov 25, 2024",782,4,29,0,0,23,0,0,0,0,0,0,0
"Sun, Nov 24, 2024",1181,4,25,0,0,11,0,0,2,2,0,0,0
"Sat, Nov 23, 2024",1169,10,30,0,0,12,0,0,3,2,0,0,0
"Fri, Nov 22, 2024",4471,67,150,2,0,13,1,4,5,17,0,0,0
"Thu, Nov 21, 2024",3114,42,127,0,0,11,2,6,7,14,0,0,0
"Wed, Nov 20, 2024",950,15,57,0,0,8,2,2,1,8,0,0,0
"Tue, Nov 19, 2024",4291,62,206,1,0,4,1,9,9,31,0,0,0
"Mon, Nov 18, 2024",678,21,43,0,0,6,0,3,2,2,0,0,0
"Sun, Nov 17, 2024",87,0,4,0,0,0,1,0,0,2,0,0,0
"Sat, Nov 16, 2024",72,0,18,0,0,14,0,0,0,1,0,0,0
"Fri, Nov 15, 2024",76,0,14,0,0,11,1,0,0,2,0,0,0
"Thu, Nov 14, 2024",74,0,9,0,0,9,0,0,0,0,0,0,0
"Wed, Nov 13, 2024",110,1,14,0,0,13,1,0,0,0,0,0,0
"Tue, Nov 12, 2024",125,0,24,0,0,23,0,0,0,0,0,0,0
"Mon, Nov 11, 2024",150,0,22,0,0,22,0,0,0,0,0,0,0
"Sun, Nov 10, 2024",199,1,24,0,0,22,0,0,0,1,0,0,0
"Sat, Nov 9, 2024",230,1,31,0,0,20,4,0,0,1,0,0,0
"Fri, Nov 8, 2024",123,0,15,0,0,13,2,0,0,1,0,0,0
"Thu, Nov 7, 2024",199,0,5,0,0,4,1,0,0,1,0,0,0
"Wed, Nov 6, 2024",258,0,9,0,0,6,0,0,0,0,0,0,0
"Tue, Nov 5, 2024",346,0,9,0,0,6,2,0,0,1,0,0,0
"Mon, Nov 4, 2024",422,2,9,0,0,2,2,0,0,0,0,0,0
"Sun, Nov 3, 2024",417,0,2,0,0,2,0,0,0,0,0,0,0
"Sat, Nov 2, 2024",380,0,3,0,0,1,0,0,0,0,0,0,0
"Fri, Nov 1, 2024",1075,3,12,1,0,1,0,0,0,2,0,0,0
"Thu, Oct 31, 2024",4622,16,68,1,0,7,0,0,4,10,0,0,0
"Wed, Oct 30, 2024",3317,15,825,1,0,765,0,0,3,6,0,0,0
"Tue, Oct 29, 2024",7105,54,897,2,0,663,4,6,9,33,1,0,0
"Mon, Oct 28, 2024",7150,57,1040,1,1,799,2,7,12,43,0,0,0
"Sun, Oct 27, 2024",678,1,481,0,0,475,2,0,0,0,0,0,0
"Sat, Oct 26, 2024",291,0,17,0,0,7,0,0,0,2,0,0,0
"Fri, Oct 25, 2024",893,20,56,0,0,3,2,3,4,9,0,0,0
"Thu, Oct 24, 2024",882,13,54,0,0,9,3,0,0,5,0,0,0
"Wed, Oct 23, 2024",1948,26,146,0,0,45,0,6,4,10,1,0,0
"Tue, Oct 22, 2024",1215,28,76,0,0,11,1,6,2,10,0,0,0
"Mon, Oct 21, 2024",619,10,31,0,0,10,1,0,0,2,0,0,0
"Sun, Oct 20, 2024",225,1,11,0,0,8,1,0,1,1,0,0,0
"Sat, Oct 19, 2024",326,1,13,0,0,6,3,0,0,3,0,0,0
"Fri, Oct 18, 2024",618,5,22,0,0,5,4,1,0,1,0,0,0
"Thu, Oct 17, 2024",1668,12,55,0,0,6,2,0,4,6,0,0,0
"Wed, Oct 16, 2024",1255,3,25,0,0,9,1,0,0,2,0,0,0
"Tue, Oct 15, 2024",2123,26,110,0,0,9,2,4,6,24,0,0,0
"Mon, Oct 14, 2024",1765,9,75,1,0,9,2,2,4,9,0,0,0
"Sun, Oct 13, 2024",318,2,12,1,0,5,1,1,1,2,0,0,0
"Sat, Oct 12, 2024",501,6,27,1,0,2,1,1,1,7,0,0,0
"Fri, Oct 11, 2024",1040,16,54,0,0,5,2,2,6,11,0,0,0
"Thu, Oct 10, 2024",4674,74,253,0,0,18,0,11,13,28,1,0,0
"Wed, Oct 9, 2024",927,18,50,0,0,10,1,2,7,10,0,0,0
"Tue, Oct 8, 2024",1787,26,170,0,0,126,4,2,1,5,0,0,0
"Mon, Oct 7, 2024",153,0,32,1,0,29,2,0,1,0,0,0,0
"Sun, Oct 6, 2024",191,1,217,1,0,216,1,0,0,0,0,0,0
"Sat, Oct 5, 2024",151,1,8,0,0,4,3,0,0,1,0,0,0
"Fri, Oct 4, 2024",171,0,13,0,0,10,2,0,0,2,0,0,0
"Thu, Oct 3, 2024",534,16,64,1,0,30,4,0,4,6,0,0,0
"Wed, Oct 2, 2024",1867,20,692,0,0,635,1,2,3,6,0,0,0
"Tue, Oct 1, 2024",194,1,29,0,0,18,0,0,0,0,0,0,0
"Mon, Sep 30, 2024",508,2,40,0,0,20,1,1,0,3,0,0,0
"Sun, Sep 29, 2024",368,1,141,0,0,131,21,0,1,3,0,0,0
"Sat, Sep 28, 2024",246,2,192,0,0,186,4,0,1,1,0,0,0
"Fri, Sep 27, 2024",642,8,172,0,0,155,15,1,0,3,0,0,0
"Thu, Sep 26, 2024",1596,31,120,0,0,34,4,1,6,5,1,0,0
"Wed, Sep 25, 2024",929,11,154,2,0,121,5,0,3,6,0,0,0
"Tue, Sep 24, 2024",204,18,28,0,0,5,0,0,1,2,0,0,0
"Mon, Sep 23, 2024",238,5,19,0,0,3,0,0,2,2,0,0,0
"Sun, Sep 22, 2024",59,1,5,0,0,1,1,1,0,0,0,0,0
"Sat, Sep 21, 2024",93,0,5,0,0,4,0,0,0,0,0,0,0
"Fri, Sep 20, 2024",403,6,22,0,0,1,0,0,1,3,0,0,0
"Thu, Sep 19, 2024",1278,27,80,0,0,5,0,9,6,15,1,0,0
"Wed, Sep 18, 2024",266,1,22,0,0,9,1,0,1,2,0,0,0
"Tue, Sep 17, 2024",299,2,23,0,0,6,0,0,1,2,0,0,0
"Mon, Sep 16, 2024",1113,25,110,0,0,3,0,0,8,14,1,0,0
"Sun, Sep 15, 2024",106,0,7,0,0,4,0,0,0,0,0,0,0
"Sat, Sep 14, 2024",100,0,5,0,0,3,1,0,0,2,0,0,0
"Fri, Sep 13, 2024",496,8,17,0,0,1,0,1,2,0,0,0,0
"Thu, Sep 12, 2024",148,0,12,1,0,5,0,0,0,1,0,0,0
"Wed, Dec 31, 2025",992,12,28,0,0,1,0,2,0,1,1,0,0
"Tue, Dec 30, 2025",1220,13,58,0,1,1,1,4,1,5,1,0,0
"Mon, Dec 29, 2025",1396,24,69,0,1,0,1,4,5,6,1,0,0
"Sun, Dec 28, 2025",1741,16,66,0,0,3,0,6,3,8,1,0,0
"Sat, Dec 27, 2025",1055,17,56,0,0,0,1,7,2,4,1,0,0
"Fri, Dec 26, 2025",1346,20,64,0,0,1,1,6,4,11,1,0,0
"Thu, Dec 25, 2025",1322,17,46,0,0,1,0,1,2,3,1,0,0
"Wed, Dec 24, 2025",1420,22,88,0,0,0,1,4,3,8,1,0,0
"Tue, Dec 23, 2025",3545,53,207,0,1,2,1,3,7,29,1,0,0
"Mon, Dec 22, 2025",2779,91,213,3,0,0,0,14,7,12,1,0,0
"Sun, Dec 21, 2025",402,0,1,0,0,0,0,0,0,0,0,0,0
"Sat, Dec 20, 2025",690,5,30,1,0,2,0,1,1,5,0,0,0
"Fri, Dec 19, 2025",1550,18,64,3,0,0,1,0,2,6,1,0,0
"Thu, Dec 18, 2025",899,2,31,0,0,0,0,2,0,9,0,0,0
"Wed, Dec 17, 2025",1222,7,46,0,0,1,1,1,0,8,0,0,0
"Tue, Dec 16, 2025",1468,23,100,1,0,3,3,6,6,15,1,0,0
"Mon, Dec 15, 2025",1735,20,84,1,0,4,1,1,3,3,1,0,0
"Sun, Dec 14, 2025",370,0,4,0,0,1,1,0,0,2,0,0,0
"Sat, Dec 13, 2025",385,0,3,0,0,2,0,0,0,0,0,0,0
"Fri, Dec 12, 2025",1043,5,25,5,0,1,1,0,1,6,0,0,0
"Thu, Dec 11, 2025",1550,21,51,1,0,1,1,1,7,6,1,0,0
"Wed, Dec 10, 2025",2491,30,76,0,3,2,1,0,4,17,2,0,0
"Tue, Dec 9, 2025",5077,62,236,1,0,2,4,6,13,47,2,0,0
"Mon, Dec 8, 2025",2929,44,110,1,0,6,3,3,7,17,1,0,0
"Sun, Dec 7, 2025",290,1,5,0,0,2,1,0,0,1,0,0,0
"Sat, Dec 6, 2025",485,0,4,0,0,2,1,0,0,1,0,0,0
"Fri, Dec 5, 2025",1783,13,36,0,0,2,2,0,5,2,0,0,0
"Thu, Dec 4, 2025",1319,18,45,0,0,3,2,0,2,4,1,0,0
"Wed, Dec 3, 2025",988,5,26,2,0,1,3,1,2,3,0,0,0
"Tue, Dec 2, 2025",1503,8,36,0,0,2,0,0,2,4,0,0,0
"Mon, Dec 1, 2025",2540,19,49,0,0,0,0,2,1,3,0,0,0
"Sun, Nov 30, 2025",707,7,15,0,0,0,1,0,0,2,0,0,0
"Sat, Nov 29, 2025",1176,0,20,0,0,2,1,0,0,9,0,0,0
"Fri, Nov 28, 2025",2270,14,45,0,0,1,1,0,1,4,0,0,0
"Thu, Nov 27, 2025",4485,46,133,0,0,3,0,9,6,11,1,0,0
"Wed, Nov 26, 2025",5038,40,209,2,0,6,2,6,11,25,1,0,0
"Tue, Nov 25, 2025",3444,45,157,2,0,1,0,6,10,16,1,0,0
"Mon, Nov 24, 2025",3618,31,125,0,0,2,3,5,3,15,1,0,0
"Sun, Nov 23, 2025",473,0,21,1,0,0,0,0,0,14,0,0,0
"Sat, Nov 22, 2025",922,0,3,0,0,1,0,0,0,1,0,0,0
"Fri, Nov 21, 2025",1313,4,63,0,0,2,6,5,2,3,0,0,0
"Thu, Nov 20, 2025",1702,15,68,0,0,2,1,5,4,8,1,0,0
"Wed, Nov 19, 2025",190,0,6,0,0,1,1,0,0,2,0,0,0
"Tue, Nov 18, 2025",189,0,1,0,0,0,2,0,0,0,0,0,0
"Mon, Nov 17, 2025",251,1,7,0,0,2,0,0,0,2,0,0,0
"Sun, Nov 16, 2025",114,0,2,0,0,2,0,0,0,0,0,0,0
"Sat, Nov 15, 2025",116,0,3,0,0,0,0,1,0,0,0,0,0
"Fri, Nov 14, 2025",222,0,1,0,0,0,1,0,0,0,0,0,0
"Thu, Nov 13, 2025",349,0,12,0,0,1,3,0,1,4,0,0,0
"Wed, Nov 12, 2025",392,1,12,0,0,1,0,0,0,2,0,0,0
"Tue, Nov 11, 2025",416,1,9,0,0,2,1,0,0,0,0,0,0
"Mon, Nov 10, 2025",236,0,8,0,0,1,1,0,0,2,0,0,0
"Sun, Nov 9, 2025",703,1,9,0,0,3,4,0,1,0,0,0,0
"Sat, Nov 8, 2025",384,0,3,0,0,0,1,0,1,2,0,0,0
"Fri, Nov 7, 2025",308,1,9,0,0,2,1,0,0,1,0,0,0
"Thu, Nov 6, 2025",267,0,3,0,0,0,2,0,0,1,0,0,0
"Wed, Nov 5, 2025",205,0,5,0,0,2,0,0,0,0,0,0,0
"Tue, Nov 4, 2025",323,0,24,0,0,2,1,0,0,5,0,0,0
"Mon, Nov 3, 2025",316,0,22,0,0,3,1,0,0,5,0,0,0
"Sun, Nov 2, 2025",177,0,1,0,0,1,8,0,0,0,0,0,0
"Sat, Nov 1, 2025",299,3,10,0,0,1,1,0,0,0,0,0,0
"Fri, Oct 31, 2025",358,0,5,0,0,2,0,0,0,1,0,0,0
"Thu, Oct 30, 2025",679,2,18,0,0,5,4,0,0,0,0,0,0
"Wed, Oct 29, 2025",2975,6,39,0,0,1,1,0,1,2,0,0,0
"Tue, Oct 28, 2025",4811,32,119,2,0,7,1,4,4,9,1,0,0
"Mon, Oct 27, 2025",185,0,5,0,0,1,3,0,0,1,0,0,0
"Sun, Oct 26, 2025",202,0,12,0,0,1,0,1,0,6,0,0,0
"Sat, Oct 25, 2025",202,0,8,0,0,3,1,0,0,0,0,0,0
"Fri, Oct 24, 2025",371,0,6,0,0,2,2,0,0,1,0,0,0
"Thu, Oct 23, 2025",539,0,10,0,0,0,0,0,0,2,0,0,0
"Wed, Oct 22, 2025",2486,1,17,0,0,4,1,0,0,0,0,0,0
"Tue, Oct 21, 2025",521,1,17,0,0,1,1,0,0,2,0,0,0
"Mon, Oct 20, 2025",387,1,9,0,0,0,1,0,0,1,0,0,0
"Sun, Oct 19, 2025",461,0,4,0,0,1,1,0,0,0,0,0,0
"Sat, Oct 18, 2025",1517,3,12,1,0,4,2,1,0,2,0,0,0
"Fri, Oct 17, 2025",3581,4,65,0,0,0,0,0,1,2,0,0,0
"Thu, Oct 16, 2025",2338,24,105,2,0,2,1,5,6,6,1,0,0
"Wed, Oct 15, 2025",536,2,13,0,0,2,1,0,0,0,0,0,0
"Tue, Oct 14, 2025",540,1,17,0,0,3,1,0,0,2,0,0,0
"Mon, Oct 13, 2025",1248,3,35,0,0,6,4,0,0,5,0,0,0
"Sun, Oct 12, 2025",4138,0,8,0,0,3,4,0,0,0,0,0,0
"Sat, Oct 11, 2025",607,1,2,0,0,0,2,0,0,0,0,0,0
"Fri, Oct 10, 2025",1093,8,36,0,0,2,1,0,0,6,0,0,0
"Thu, Oct 9, 2025",1844,16,50,0,0,4,3,3,1,8,0,0,0
"Wed, Oct 8, 2025",3009,7,66,0,0,2,0,3,4,17,0,0,0
"Tue, Oct 7, 2025",11919,86,339,5,0,14,0,21,10,62,1,0,0
"Mon, Oct 6, 2025",2479,2,22,0,0,1,0,0,0,7,0,0,0
"Sun, Oct 5, 2025",1391,1,33,1,0,1,0,1,1,9,0,0,0
"Sat, Oct 4, 2025",1550,4,36,0,0,1,2,0,1,7,0,0,0
"Fri, Oct 3, 2025",6598,10,116,0,0,6,6,0,0,16,0,0,0
"Thu, Oct 2, 2025",9539,62,302,0,0,6,5,8,11,38,0,0,0
"Wed, Oct 1, 2025",1520,0,54,0,0,7,2,0,0,11,0,0,0
"Tue, Sep 30, 2025",1994,2,81,1,0,6,11,0,0,22,0,0,0
"Mon, Sep 29, 2025",4133,1,62,0,0,5,3,0,0,7,0,0,0
"Sun, Sep 28, 2025",1696,3,51,1,0,3,2,0,2,7,0,0,0
"Sat, Sep 27, 2025",2617,5,71,0,0,3,1,0,4,19,0,0,0
"Fri, Sep 26, 2025",3655,17,119,0,0,5,1,2,0,16,0,0,0
"Thu, Sep 25, 2025",15806,98,612,8,6,8,3,13,16,76,2,0,0
"Wed, Sep 24, 2025",7055,75,332,1,0,6,0,17,8,43,1,0,0
"Tue, Sep 23, 2025",5704,31,163,0,0,6,1,4,8,18,1,0,0
"Mon, Sep 22, 2025",8919,42,105,1,0,2,3,6,4,9,0,0,0
"Sun, Sep 21, 2025",3211,41,118,0,0,4,1,5,10,13,2,0,0
"Sat, Sep 20, 2025",3303,29,134,2,0,6,1,5,3,19,1,0,0
"Fri, Sep 19, 2025",7548,75,280,1,0,4,5,9,12,24,1,0,0
"Thu, Sep 18, 2025",12320,109,414,3,0,9,3,15,21,35,1,0,0
"Wed, Sep 17, 2025",7731,66,306,1,2,3,4,14,8,33,2,0,0
"Tue, Sep 16, 2025",10318,63,262,2,1,13,1,6,17,31,1,0,0
"Mon, Sep 15, 2025",9386,56,253,3,0,10,1,9,10,32,2,0,0
"Sun, Sep 14, 2025",6454,16,53,0,0,4,2,1,1,1,0,0,0
"Sat, Sep 13, 2025",4325,32,126,1,2,6,1,1,9,18,0,0,0